Eposta_Icerigi,Spam_Etiketi
Bu bir spam e-posta mı?,1
Size kazandığınız ödül hakkında bilgi vereceğim,1
Bu bir spam e-posta mı?,1
Size kazandığınız ödül hakkında bilgi vereceğim,1
Size kazandığınız ödül hakkında bilgi vereceğim,1
Onay bekleyen toplu e-posta listesi,1
Bu bir spam e-posta mı?,1
Onay bekleyen toplu e-posta listesi,1
Bu bir spam e-posta mı?,1
Bu bir spam e-posta mı?,1
Bu bir spam e-posta mı?,1
Onay bekleyen toplu e-posta listesi,1
Size kazandığınız ödül hakkında bilgi vereceğim,1
Onay bekleyen toplu e-posta listesi,1
Onay bekleyen toplu e-posta listesi,1
Bu bir spam e-posta mı?,1
Size kazandığınız ödül hakkında bilgi vereceğim,1
Size kazandığınız ödül hakkında bilgi vereceğim,1
Size kazandığınız ödül hakkında bilgi vereceğim,1
Size kazandığınız ödül hakkında bilgi vereceğim,1
Bu bir spam e-posta mı?,1
Size kazandığınız ödül hakkında bilgi vereceğim,1
Bu bir spam e-posta mı?,1
Bu bir spam e-posta mı?,1
Size kazandığınız ödül hakkında bilgi vereceğim,1
Onay bekleyen toplu e-posta listesi,1
Bu bir spam e-posta mı?,1
Onay bekleyen toplu e-posta listesi,1
Bu bir spam e-posta mı?,1
Size kazandığınız ödül hakkında bilgi vereceğim,1
Size kazandığınız ödül hakkında bilgi vereceğim,1
Onay bekleyen toplu e-posta listesi,1
Bu bir spam e-posta mı?,1
Size kazandığınız ödül hakkında bilgi vereceğim,1
Size kazandığınız ödül hakkında bilgi vereceğim,1
Size kazandığınız ödül hakkında bilgi vereceğim,1
Bu bir spam e-posta mı?,1
Onay bekleyen toplu e-posta listesi,1
Bu bir spam e-posta mı?,1
Onay bekleyen toplu e-posta listesi,1
Onay bekleyen toplu e-posta listesi,1
Bu bir spam e-posta mı?,1
Onay bekleyen toplu e-posta listesi,1
Bu bir spam e-posta mı?,1
Bu bir spam e-posta mı?,1
Bu bir spam e-posta mı?,1
Size kazandığınız ödül hakkında bilgi vereceğim,1
Size kazandığınız ödül hakkında bilgi vereceğim,1
Onay bekleyen toplu e-posta listesi,1
Bu bir spam e-posta mı?,1
Bu bir spam e-posta mı?,1
Size kazandığınız ödül hakkında bilgi vereceğim,1
Bu bir spam e-posta mı?,1
Size kazandığınız ödül hakkında bilgi vereceğim,1
Onay bekleyen toplu e-posta listesi,1
Onay bekleyen toplu e-posta listesi,1
Bu bir spam e-posta mı?,1
Size kazandığınız ödül hakkında bilgi vereceğim,1
Size kazandığınız ödül hakkında bilgi vereceğim,1
Size kazandığınız ödül hakkında bilgi vereceğim,1
Size kazandığınız ödül hakkında bilgi vereceğim,1
Onay bekleyen toplu e-posta listesi,1
Onay bekleyen toplu e-posta listesi,1
Onay bekleyen toplu e-posta listesi,1
Bu bir spam e-posta mı?,1
Onay bekleyen toplu e-posta listesi,1
Size kazandığınız ödül hakkında bilgi vereceğim,1
Bu bir spam e-posta mı?,1
Size kazandığınız ödül hakkında bilgi vereceğim,1
Onay bekleyen toplu e-posta listesi,1
Bu bir spam e-posta mı?,1
Bu bir spam e-posta mı?,1
Onay bekleyen toplu e-posta listesi,1
Bu bir spam e-posta mı?,1
Bu bir spam e-posta mı?,1
Bu bir spam e-posta mı?,1
Bu bir spam e-posta mı?,1
Bu bir spam e-posta mı?,1
Bu bir spam e-posta mı?,1
Onay bekleyen toplu e-posta listesi,1
Bu bir spam e-posta mı?,1
Onay bekleyen toplu e-posta listesi,1
Size kazandığınız ödül hakkında bilgi vereceğim,1
Size kazandığınız ödül hakkında bilgi vereceğim,1
Size kazandığınız ödül hakkında bilgi vereceğim,1
Bu bir spam e-posta mı?,1
Size kazandığınız ödül hakkında bilgi vereceğim,1
Size kazandığınız ödül hakkında bilgi vereceğim,1
Size kazandığınız ödül hakkında bilgi vereceğim,1
Bu bir spam e-posta mı?,1
Size kazandığınız ödül hakkında bilgi vereceğim,1
Onay bekleyen toplu e-posta listesi,1
Bu bir spam e-posta mı?,1
Size kazandığınız ödül hakkında bilgi vereceğim,1
Onay bekleyen toplu e-posta listesi,1
Bu bir spam e-posta mı?,1
Onay bekleyen toplu e-posta listesi,1
Bu bir spam e-posta mı?,1
Size kazandığınız ödül hakkında bilgi vereceğim,1
Onay bekleyen toplu e-posta listesi,1
Onay bekleyen toplu e-posta listesi,1
Size kazandığınız ödül hakkında bilgi vereceğim,1
Bu bir spam e-posta mı?,1
Size kazandığınız ödül hakkında bilgi vereceğim,1
Size kazandığınız ödül hakkında bilgi vereceğim,1
Bu bir spam e-posta mı?,1
Onay bekleyen toplu e-posta listesi,1
Onay bekleyen toplu e-posta listesi,1
Onay bekleyen toplu e-posta listesi,1
Onay bekleyen toplu e-posta listesi,1
Size kazandığınız ödül hakkında bilgi vereceğim,1
Onay bekleyen toplu e-posta listesi,1
Onay bekleyen toplu e-posta listesi,1
Onay bekleyen toplu e-posta listesi,1
Onay bekleyen toplu e-posta listesi,1
Onay bekleyen toplu e-posta listesi,1
Bu bir spam e-posta mı?,1
Size kazandığınız ödül hakkında bilgi vereceğim,1
Onay bekleyen toplu e-posta listesi,1
Onay bekleyen toplu e-posta listesi,1
Size kazandığınız ödül hakkında bilgi vereceğim,1
Onay bekleyen toplu e-posta listesi,1
Size kazandığınız ödül hakkında bilgi vereceğim,1
Bu bir spam e-posta mı?,1
Onay bekleyen toplu e-posta listesi,1
Onay bekleyen toplu e-posta listesi,1
Bu bir spam e-posta mı?,1
Onay bekleyen toplu e-posta listesi,1
Bu bir spam e-posta mı?,1
Bu bir spam e-posta mı?,1
Onay bekleyen toplu e-posta listesi,1
Bu bir spam e-posta mı?,1
Onay bekleyen toplu e-posta listesi,1
Onay bekleyen toplu e-posta listesi,1
Onay bekleyen toplu e-posta listesi,1
Bu bir spam e-posta mı?,1
Bu bir spam e-posta mı?,1
Bu bir spam e-posta mı?,1
Size kazandığınız ödül hakkında bilgi vereceğim,1
Onay bekleyen toplu e-posta listesi,1
Bu bir spam e-posta mı?,1
Size kazandığınız ödül hakkında bilgi vereceğim,1
Onay bekleyen toplu e-posta listesi,1
Onay bekleyen toplu e-posta listesi,1
Onay bekleyen toplu e-posta listesi,1
Size kazandığınız ödül hakkında bilgi vereceğim,1
Bu bir spam e-posta mı?,1
Bu bir spam e-posta mı?,1
Bu bir spam e-posta mı?,1
Bu bir spam e-posta mı?,1
Onay bekleyen toplu e-posta listesi,1
Onay bekleyen toplu e-posta listesi,1
Bu bir spam e-posta mı?,1
Bu bir spam e-posta mı?,1
Bu bir spam e-posta mı?,1
Size kazandığınız ödül hakkında bilgi vereceğim,1
Onay bekleyen toplu e-posta listesi,1
Bu bir spam e-posta mı?,1
Bu bir spam e-posta mı?,1
Size kazandığınız ödül hakkında bilgi vereceğim,1
Bu bir spam e-posta mı?,1
Onay bekleyen toplu e-posta listesi,1
Size kazandığınız ödül hakkında bilgi vereceğim,1
Size kazandığınız ödül hakkında bilgi vereceğim,1
Size kazandığınız ödül hakkında bilgi vereceğim,1
Bu bir spam e-posta mı?,1
Bu bir spam e-posta mı?,1
Bu bir spam e-posta mı?,1
Size kazandığınız ödül hakkında bilgi vereceğim,1
Size kazandığınız ödül hakkında bilgi vereceğim,1
Onay bekleyen toplu e-posta listesi,1
Size kazandığınız ödül hakkında bilgi vereceğim,1
Bu bir spam e-posta mı?,1
Bu bir spam e-posta mı?,1
Size kazandığınız ödül hakkında bilgi vereceğim,1
Onay bekleyen toplu e-posta listesi,1
Size kazandığınız ödül hakkında bilgi vereceğim,1
Size kazandığınız ödül hakkında bilgi vereceğim,1
Size kazandığınız ödül hakkında bilgi vereceğim,1
Bu bir spam e-posta mı?,1
Bu bir spam e-posta mı?,1
Bu bir spam e-posta mı?,1
Size kazandığınız ödül hakkında bilgi vereceğim,1
Onay bekleyen toplu e-posta listesi,1
Size kazandığınız ödül hakkında bilgi vereceğim,1
Size kazandığınız ödül hakkında bilgi vereceğim,1
Bu bir spam e-posta mı?,1
Bu bir spam e-posta mı?,1
Size kazandığınız ödül hakkında bilgi vereceğim,1
Onay bekleyen toplu e-posta listesi,1
Bu bir spam e-posta mı?,1
Onay bekleyen toplu e-posta listesi,1
Onay bekleyen toplu e-posta listesi,1
Size kazandığınız ödül hakkında bilgi vereceğim,1
Size kazandığınız ödül hakkında bilgi vereceğim,1
Size kazandığınız ödül hakkında bilgi vereceğim,1
Onay bekleyen toplu e-posta listesi,1
Bu bir spam e-posta mı?,1
Bu bir spam e-posta mı?,1
Size kazandığınız ödül hakkında bilgi vereceğim,1
Bu bir spam e-posta mı?,1
Onay bekleyen toplu e-posta listesi,1
Onay bekleyen toplu e-posta listesi,1
Bu bir spam e-posta mı?,1
Onay bekleyen toplu e-posta listesi,1
Onay bekleyen toplu e-posta listesi,1
Onay bekleyen toplu e-posta listesi,1
Size kazandığınız ödül hakkında bilgi vereceğim,1
Size kazandığınız ödül hakkında bilgi vereceğim,1
Bu bir spam e-posta mı?,1
Bu bir spam e-posta mı?,1
Bu bir spam e-posta mı?,1
Onay bekleyen toplu e-posta listesi,1
Onay bekleyen toplu e-posta listesi,1
Size kazandığınız ödül hakkında bilgi vereceğim,1
Size kazandığınız ödül hakkında bilgi vereceğim,1
Bu bir spam e-posta mı?,1
Bu bir spam e-posta mı?,1
Onay bekleyen toplu e-posta listesi,1
Size kazandığınız ödül hakkında bilgi vereceğim,1
Size kazandığınız ödül hakkında bilgi vereceğim,1
Onay bekleyen toplu e-posta listesi,1
Bu bir spam e-posta mı?,1
Size kazandığınız ödül hakkında bilgi vereceğim,1
Size kazandığınız ödül hakkında bilgi vereceğim,1
Size kazandığınız ödül hakkında bilgi vereceğim,1
Size kazandığınız ödül hakkında bilgi vereceğim,1
Size kazandığınız ödül hakkında bilgi vereceğim,1
Onay bekleyen toplu e-posta listesi,1
Onay bekleyen toplu e-posta listesi,1
Onay bekleyen toplu e-posta listesi,1
Bu bir spam e-posta mı?,1
Size kazandığınız ödül hakkında bilgi vereceğim,1
Onay bekleyen toplu e-posta listesi,1
Size kazandığınız ödül hakkında bilgi vereceğim,1
Size kazandığınız ödül hakkında bilgi vereceğim,1
Size kazandığınız ödül hakkında bilgi vereceğim,1
Size kazandığınız ödül hakkında bilgi vereceğim,1
Bu bir spam e-posta mı?,1
Onay bekleyen toplu e-posta listesi,1
Onay bekleyen toplu e-posta listesi,1
Bu bir spam e-posta mı?,1
Size kazandığınız ödül hakkında bilgi vereceğim,1
Size kazandığınız ödül hakkında bilgi vereceğim,1
Bu bir spam e-posta mı?,1
Bu bir spam e-posta mı?,1
Bu bir spam e-posta mı?,1
Onay bekleyen toplu e-posta listesi,1
Size kazandığınız ödül hakkında bilgi vereceğim,1
Onay bekleyen toplu e-posta listesi,1
Size kazandığınız ödül hakkında bilgi vereceğim,1
Onay bekleyen toplu e-posta listesi,1
Bu bir spam e-posta mı?,1
Onay bekleyen toplu e-posta listesi,1
Bu bir spam e-posta mı?,1
Size kazandığınız ödül hakkında bilgi vereceğim,1
Size kazandığınız ödül hakkında bilgi vereceğim,1
Size kazandığınız ödül hakkında bilgi vereceğim,1
Bu bir spam e-posta mı?,1
Bu bir spam e-posta mı?,1
Bu bir spam e-posta mı?,1
Bu bir spam e-posta mı?,1
Bu bir spam e-posta mı?,1
Bu bir spam e-posta mı?,1
Size kazandığınız ödül hakkında bilgi vereceğim,1
Bu bir spam e-posta mı?,1
Onay bekleyen toplu e-posta listesi,1
Onay bekleyen toplu e-posta listesi,1
Size kazandığınız ödül hakkında bilgi vereceğim,1
Size kazandığınız ödül hakkında bilgi vereceğim,1
Size kazandığınız ödül hakkında bilgi vereceğim,1
Onay bekleyen toplu e-posta listesi,1
Size kazandığınız ödül hakkında bilgi vereceğim,1
Size kazandığınız ödül hakkında bilgi vereceğim,1
Bu bir spam e-posta mı?,1
Size kazandığınız ödül hakkında bilgi vereceğim,1
Onay bekleyen toplu e-posta listesi,1
Size kazandığınız ödül hakkında bilgi vereceğim,1
Size kazandığınız ödül hakkında bilgi vereceğim,1
Bu bir spam e-posta mı?,1
Bu bir spam e-posta mı?,1
Size kazandığınız ödül hakkında bilgi vereceğim,1
Size kazandığınız ödül hakkında bilgi vereceğim,1
Onay bekleyen toplu e-posta listesi,1
Size kazandığınız ödül hakkında bilgi vereceğim,1
Onay bekleyen toplu e-posta listesi,1
Onay bekleyen toplu e-posta listesi,1
Size kazandığınız ödül hakkında bilgi vereceğim,1
Onay bekleyen toplu e-posta listesi,1
Onay bekleyen toplu e-posta listesi,1
Bu bir spam e-posta mı?,1
Size kazandığınız ödül hakkında bilgi vereceğim,1
Size kazandığınız ödül hakkında bilgi vereceğim,1
Size kazandığınız ödül hakkında bilgi vereceğim,1
Onay bekleyen toplu e-posta listesi,1
Size kazandığınız ödül hakkında bilgi vereceğim,1
Size kazandığınız ödül hakkında bilgi vereceğim,1
Size kazandığınız ödül hakkında bilgi vereceğim,1
Onay bekleyen toplu e-posta listesi,1
Bu bir spam e-posta mı?,1
Şirket içi toplantı hatırlatması,0
Kampanya hakkında bilgilendirme,0
Şirket içi toplantı hatırlatması,0
Şirket içi toplantı hatırlatması,0
Son kullanma tarihi geçen ürünler hakkında bilgilendirme,0
Kampanya hakkında bilgilendirme,0
Son kullanma tarihi geçen ürünler hakkında bilgilendirme,0
Kampanya hakkında bilgilendirme,0
Son kullanma tarihi geçen ürünler hakkında bilgilendirme,0
Kampanya hakkında bilgilendirme,0
Son kullanma tarihi geçen ürünler hakkında bilgilendirme,0
Kampanya hakkında bilgilendirme,0
Kampanya hakkında bilgilendirme,0
Kampanya hakkında bilgilendirme,0
Kampanya hakkında bilgilendirme,0
Şirket içi toplantı hatırlatması,0
Son kullanma tarihi geçen ürünler hakkında bilgilendirme,0
Kampanya hakkında bilgilendirme,0
Kampanya hakkında bilgilendirme,0
Şirket içi toplantı hatırlatması,0
Son kullanma tarihi geçen ürünler hakkında bilgilendirme,0
Şirket içi toplantı hatırlatması,0
Kampanya hakkında bilgilendirme,0
Kampanya hakkında bilgilendirme,0
Kampanya hakkında bilgilendirme,0
Kampanya hakkında bilgilendirme,0
Kampanya hakkında bilgilendirme,0
Şirket içi toplantı hatırlatması,0
Kampanya hakkında bilgilendirme,0
Son kullanma tarihi geçen ürünler hakkında bilgilendirme,0
Son kullanma tarihi geçen ürünler hakkında bilgilendirme,0
Son kullanma tarihi geçen ürünler hakkında bilgilendirme,0
Kampanya hakkında bilgilendirme,0
Kampanya hakkında bilgilendirme,0
Son kullanma tarihi geçen ürünler hakkında bilgilendirme,0
Kampanya hakkında bilgilendirme,0
Son kullanma tarihi geçen ürünler hakkında bilgilendirme,0
Son kullanma tarihi geçen ürünler hakkında bilgilendirme,0
Kampanya hakkında bilgilendirme,0
Şirket içi toplantı hatırlatması,0
Şirket içi toplantı hatırlatması,0
Şirket içi toplantı hatırlatması,0
Kampanya hakkında bilgilendirme,0
Kampanya hakkında bilgilendirme,0
Şirket içi toplantı hatırlatması,0
Kampanya hakkında bilgilendirme,0
Kampanya hakkında bilgilendirme,0
Şirket içi toplantı hatırlatması,0
Son kullanma tarihi geçen ürünler hakkında bilgilendirme,0
Son kullanma tarihi geçen ürünler hakkında bilgilendirme,0
Kampanya hakkında bilgilendirme,0
Son kullanma tarihi geçen ürünler hakkında bilgilendirme,0
Şirket içi toplantı hatırlatması,0
Şirket içi toplantı hatırlatması,0
Son kullanma tarihi geçen ürünler hakkında bilgilendirme,0
Şirket içi toplantı hatırlatması,0
Son kullanma tarihi geçen ürünler hakkında bilgilendirme,0
Son kullanma tarihi geçen ürünler hakkında bilgilendirme,0
Şirket içi toplantı hatırlatması,0
Son kullanma tarihi geçen ürünler hakkında bilgilendirme,0
Kampanya hakkında bilgilendirme,0
Kampanya hakkında bilgilendirme,0
Son kullanma tarihi geçen ürünler hakkında bilgilendirme,0
Şirket içi toplantı hatırlatması,0
Şirket içi toplantı hatırlatması,0
Son kullanma tarihi geçen ürünler hakkında bilgilendirme,0
Son kullanma tarihi geçen ürünler hakkında bilgilendirme,0
Şirket içi toplantı hatırlatması,0
Kampanya hakkında bilgilendirme,0
Son kullanma tarihi geçen ürünler hakkında bilgilendirme,0
Kampanya hakkında bilgilendirme,0
Son kullanma tarihi geçen ürünler hakkında bilgilendirme,0
Kampanya hakkında bilgilendirme,0
Son kullanma tarihi geçen ürünler hakkında bilgilendirme,0
Şirket içi toplantı hatırlatması,0
Son kullanma tarihi geçen ürünler hakkında bilgilendirme,0
Şirket içi toplantı hatırlatması,0
Kampanya hakkında bilgilendirme,0
Şirket içi toplantı hatırlatması,0
Şirket içi toplantı hatırlatması,0
Son kullanma tarihi geçen ürünler hakkında bilgilendirme,0
Son kullanma tarihi geçen ürünler hakkında bilgilendirme,0
Kampanya hakkında bilgilendirme,0
Şirket içi toplantı hatırlatması,0
Kampanya hakkında bilgilendirme,0
Kampanya hakkında bilgilendirme,0
Kampanya hakkında bilgilendirme,0
Son kullanma tarihi geçen ürünler hakkında bilgilendirme,0
Kampanya hakkında bilgilendirme,0
Şirket içi toplantı hatırlatması,0
Kampanya hakkında bilgilendirme,0
Son kullanma tarihi geçen ürünler hakkında bilgilendirme,0
Şirket içi toplantı hatırlatması,0
Kampanya hakkında bilgilendirme,0
Şirket içi toplantı hatırlatması,0
Son kullanma tarihi geçen ürünler hakkında bilgilendirme,0
Kampanya hakkında bilgilendirme,0
Kampanya hakkında bilgilendirme,0
Kampanya hakkında bilgilendirme,0
Son kullanma tarihi geçen ürünler hakkında bilgilendirme,0
Şirket içi toplantı hatırlatması,0
Kampanya hakkında bilgilendirme,0
Kampanya hakkında bilgilendirme,0
Kampanya hakkında bilgilendirme,0
Kampanya hakkında bilgilendirme,0
Şirket içi toplantı hatırlatması,0
Son kullanma tarihi geçen ürünler hakkında bilgilendirme,0
Son kullanma tarihi geçen ürünler hakkında bilgilendirme,0
Şirket içi toplantı hatırlatması,0
Kampanya hakkında bilgilendirme,0
Şirket içi toplantı hatırlatması,0
Şirket içi toplantı hatırlatması,0
Şirket içi toplantı hatırlatması,0
Şirket içi toplantı hatırlatması,0
Şirket içi toplantı hatırlatması,0
Şirket içi toplantı hatırlatması,0
Son kullanma tarihi geçen ürünler hakkında bilgilendirme,0
Son kullanma tarihi geçen ürünler hakkında bilgilendirme,0
Şirket içi toplantı hatırlatması,0
Şirket içi toplantı hatırlatması,0
Şirket içi toplantı hatırlatması,0
Son kullanma tarihi geçen ürünler hakkında bilgilendirme,0
Kampanya hakkında bilgilendirme,0
Kampanya hakkında bilgilendirme,0
Kampanya hakkında bilgilendirme,0
Şirket içi toplantı hatırlatması,0
Kampanya hakkında bilgilendirme,0
Şirket içi toplantı hatırlatması,0
Kampanya hakkında bilgilendirme,0
Son kullanma tarihi geçen ürünler hakkında bilgilendirme,0
Son kullanma tarihi geçen ürünler hakkında bilgilendirme,0
Şirket içi toplantı hatırlatması,0
Kampanya hakkında bilgilendirme,0
Kampanya hakkında bilgilendirme,0
Kampanya hakkında bilgilendirme,0
Kampanya hakkında bilgilendirme,0
Kampanya hakkında bilgilendirme,0
Son kullanma tarihi geçen ürünler hakkında bilgilendirme,0
Şirket içi toplantı hatırlatması,0
Kampanya hakkında bilgilendirme,0
Son kullanma tarihi geçen ürünler hakkında bilgilendirme,0
Kampanya hakkında bilgilendirme,0
Son kullanma tarihi geçen ürünler hakkında bilgilendirme,0
Şirket içi toplantı hatırlatması,0
Kampanya hakkında bilgilendirme,0
Kampanya hakkında bilgilendirme,0
Son kullanma tarihi geçen ürünler hakkında bilgilendirme,0
Şirket içi toplantı hatırlatması,0
Son kullanma tarihi geçen ürünler hakkında bilgilendirme,0
Son kullanma tarihi geçen ürünler hakkında bilgilendirme,0
Şirket içi toplantı hatırlatması,0
Kampanya hakkında bilgilendirme,0
Kampanya hakkında bilgilendirme,0
Son kullanma tarihi geçen ürünler hakkında bilgilendirme,0
Şirket içi toplantı hatırlatması,0
Şirket içi toplantı hatırlatması,0
Kampanya hakkında bilgilendirme,0
Kampanya hakkında bilgilendirme,0
Son kullanma tarihi geçen ürünler hakkında bilgilendirme,0
Kampanya hakkında bilgilendirme,0
Şirket içi toplantı hatırlatması,0
Son kullanma tarihi geçen ürünler hakkında bilgilendirme,0
Son kullanma tarihi geçen ürünler hakkında bilgilendirme,0
Şirket içi toplantı hatırlatması,0
Kampanya hakkında bilgilendirme,0
Kampanya hakkında bilgilendirme,0
Şirket içi toplantı hatırlatması,0
Kampanya hakkında bilgilendirme,0
Kampanya hakkında bilgilendirme,0
Son kullanma tarihi geçen ürünler hakkında bilgilendirme,0
Kampanya hakkında bilgilendirme,0
Kampanya hakkında bilgilendirme,0
Şirket içi toplantı hatırlatması,0
Şirket içi toplantı hatırlatması,0
Şirket içi toplantı hatırlatması,0
Şirket içi toplantı hatırlatması,0
Şirket içi toplantı hatırlatması,0
Şirket içi toplantı hatırlatması,0
Son kullanma tarihi geçen ürünler hakkında bilgilendirme,0
Kampanya hakkında bilgilendirme,0
Son kullanma tarihi geçen ürünler hakkında bilgilendirme,0
Kampanya hakkında bilgilendirme,0
Şirket içi toplantı hatırlatması,0
Kampanya hakkında bilgilendirme,0
Son kullanma tarihi geçen ürünler hakkında bilgilendirme,0
Kampanya hakkında bilgilendirme,0
Kampanya hakkında bilgilendirme,0
Şirket içi toplantı hatırlatması,0
Son kullanma tarihi geçen ürünler hakkında bilgilendirme,0
Şirket içi toplantı hatırlatması,0
Şirket içi toplantı hatırlatması,0
Şirket içi toplantı hatırlatması,0
Kampanya hakkında bilgilendirme,0
Kampanya hakkında bilgilendirme,0
Son kullanma tarihi geçen ürünler hakkında bilgilendirme,0
Kampanya hakkında bilgilendirme,0
Kampanya hakkında bilgilendirme,0
Son kullanma tarihi geçen ürünler hakkında bilgilendirme,0
Şirket içi toplantı hatırlatması,0
Son kullanma tarihi geçen ürünler hakkında bilgilendirme,0
Son kullanma tarihi geçen ürünler hakkında bilgilendirme,0
Kampanya hakkında bilgilendirme,0
Son kullanma tarihi geçen ürünler hakkında bilgilendirme,0
Son kullanma tarihi geçen ürünler hakkında bilgilendirme,0
Kampanya hakkında bilgilendirme,0
Son kullanma tarihi geçen ürünler hakkında bilgilendirme,0
Şirket içi toplantı hatırlatması,0
Kampanya hakkında bilgilendirme,0
Şirket içi toplantı hatırlatması,0
Son kullanma tarihi geçen ürünler hakkında bilgilendirme,0
Şirket içi toplantı hatırlatması,0
Şirket içi toplantı hatırlatması,0
Kampanya hakkında bilgilendirme,0
Şirket içi toplantı hatırlatması,0
Şirket içi toplantı hatırlatması,0
Şirket içi toplantı hatırlatması,0
Son kullanma tarihi geçen ürünler hakkında bilgilendirme,0
Kampanya hakkında bilgilendirme,0
Şirket içi toplantı hatırlatması,0
Şirket içi toplantı hatırlatması,0
Kampanya hakkında bilgilendirme,0
Şirket içi toplantı hatırlatması,0
Son kullanma tarihi geçen ürünler hakkında bilgilendirme,0
Kampanya hakkında bilgilendirme,0
Şirket içi toplantı hatırlatması,0
Son kullanma tarihi geçen ürünler hakkında bilgilendirme,0
Şirket içi toplantı hatırlatması,0
Son kullanma tarihi geçen ürünler hakkında bilgilendirme,0
Şirket içi toplantı hatırlatması,0
Son kullanma tarihi geçen ürünler hakkında bilgilendirme,0
Şirket içi toplantı hatırlatması,0
Son kullanma tarihi geçen ürünler hakkında bilgilendirme,0
Son kullanma tarihi geçen ürünler hakkında bilgilendirme,0
Son kullanma tarihi geçen ürünler hakkında bilgilendirme,0
Son kullanma tarihi geçen ürünler hakkında bilgilendirme,0
Kampanya hakkında bilgilendirme,0
Son kullanma tarihi geçen ürünler hakkında bilgilendirme,0
Son kullanma tarihi geçen ürünler hakkında bilgilendirme,0
Son kullanma tarihi geçen ürünler hakkında bilgilendirme,0
Son kullanma tarihi geçen ürünler hakkında bilgilendirme,0
Kampanya hakkında bilgilendirme,0
Şirket içi toplantı hatırlatması,0
Kampanya hakkında bilgilendirme,0
Son kullanma tarihi geçen ürünler hakkında bilgilendirme,0
Kampanya hakkında bilgilendirme,0
Kampanya hakkında bilgilendirme,0
Son kullanma tarihi geçen ürünler hakkında bilgilendirme,0
Şirket içi toplantı hatırlatması,0
Son kullanma tarihi geçen ürünler hakkında bilgilendirme,0
Son kullanma tarihi geçen ürünler hakkında bilgilendirme,0
Şirket içi toplantı hatırlatması,0
Şirket içi toplantı hatırlatması,0
Son kullanma tarihi geçen ürünler hakkında bilgilendirme,0
Şirket içi toplantı hatırlatması,0
Son kullanma tarihi geçen ürünler hakkında bilgilendirme,0
Şirket içi toplantı hatırlatması,0
Son kullanma tarihi geçen ürünler hakkında bilgilendirme,0
Kampanya hakkında bilgilendirme,0
Şirket içi toplantı hatırlatması,0
Şirket içi toplantı hatırlatması,0
Son kullanma tarihi geçen ürünler hakkında bilgilendirme,0
Son kullanma tarihi geçen ürünler hakkında bilgilendirme,0
Kampanya hakkında bilgilendirme,0
Son kullanma tarihi geçen ürünler hakkında bilgilendirme,0
Şirket içi toplantı hatırlatması,0
Son kullanma tarihi geçen ürünler hakkında bilgilendirme,0
Kampanya hakkında bilgilendirme,0
Şirket içi toplantı hatırlatması,0
Son kullanma tarihi geçen ürünler hakkında bilgilendirme,0
Kampanya hakkında bilgilendirme,0
Son kullanma tarihi geçen ürünler hakkında bilgilendirme,0
Şirket içi toplantı hatırlatması,0
Son kullanma tarihi geçen ürünler hakkında bilgilendirme,0
Şirket içi toplantı hatırlatması,0
Kampanya hakkında bilgilendirme,0
Kampanya hakkında bilgilendirme,0
Şirket içi toplantı hatırlatması,0
Kampanya hakkında bilgilendirme,0
Son kullanma tarihi geçen ürünler hakkında bilgilendirme,0
Kampanya hakkında bilgilendirme,0
Şirket içi toplantı hatırlatması,0
Son kullanma tarihi geçen ürünler hakkında bilgilendirme,0
Kampanya hakkında bilgilendirme,0
Son kullanma tarihi geçen ürünler hakkında bilgilendirme,0
Kampanya hakkında bilgilendirme,0
Kampanya hakkında bilgilendirme,0
Şirket içi toplantı hatırlatması,0
Kampanya hakkında bilgilendirme,0
Şirket içi toplantı hatırlatması,0
Kampanya hakkında bilgilendirme,0
Son kullanma tarihi geçen ürünler hakkında bilgilendirme,0
Kampanya hakkında bilgilendirme,0
Son kullanma tarihi geçen ürünler hakkında bilgilendirme,0
Şirket içi toplantı hatırlatması,0
Kampanya hakkında bilgilendirme,0
Son kullanma tarihi geçen ürünler hakkında bilgilendirme,0
Kampanya hakkında bilgilendirme,0
Son kullanma tarihi geçen ürünler hakkında bilgilendirme,0
Kampanya hakkında bilgilendirme,0
Son kullanma tarihi geçen ürünler hakkında bilgilendirme,0
Son kullanma tarihi geçen ürünler hakkında bilgilendirme,0
Kampanya hakkında bilgilendirme,0
Kampanya hakkında bilgilendirme,0
Son kullanma tarihi geçen ürünler hakkında bilgilendirme,0
Şirket içi toplantı hatırlatması,0
Şirket içi toplantı hatırlatması,0
Şirket içi toplantı hatırlatması,0
Şirket içi toplantı hatırlatması,0
Kampanya hakkında bilgilendirme,0
Son kullanma tarihi geçen ürünler hakkında bilgilendirme,0
Şirket içi toplantı hatırlatması,0
Şirket içi toplantı hatırlatması,0
Şirket içi toplantı hatırlatması,0
Şirket içi toplantı hatırlatması,0
Son kullanma tarihi geçen ürünler hakkında bilgilendirme,0
Kampanya hakkında bilgilendirme,0
Son kullanma tarihi geçen ürünler hakkında bilgilendirme,0
Şirket içi toplantı hatırlatması,0
Şirket içi toplantı hatırlatması,0
Şirket içi toplantı hatırlatması,0
Şirket içi toplantı hatırlatması,0
Son kullanma tarihi geçen ürünler hakkında bilgilendirme,0
Kampanya hakkında bilgilendirme,0
Şirket içi toplantı hatırlatması,0
Son kullanma tarihi geçen ürünler hakkında bilgilendirme,0
Şirket içi toplantı hatırlatması,0
Şirket içi toplantı hatırlatması,0
Şirket içi toplantı hatırlatması,0
Son kullanma tarihi geçen ürünler hakkında bilgilendirme,0
Kampanya hakkında bilgilendirme,0
Son kullanma tarihi geçen ürünler hakkında bilgilendirme,0
Son kullanma tarihi geçen ürünler hakkında bilgilendirme,0
Son kullanma tarihi geçen ürünler hakkında bilgilendirme,0
Son kullanma tarihi geçen ürünler hakkında bilgilendirme,0
Son kullanma tarihi geçen ürünler hakkında bilgilendirme,0
Kampanya hakkında bilgilendirme,0
Şirket içi toplantı hatırlatması,0
Şirket içi toplantı hatırlatması,0
Son kullanma tarihi geçen ürünler hakkında bilgilendirme,0
Son kullanma tarihi geçen ürünler hakkında bilgilendirme,0
Son kullanma tarihi geçen ürünler hakkında bilgilendirme,0
Şirket içi toplantı hatırlatması,0
Şirket içi toplantı hatırlatması,0
Şirket içi toplantı hatırlatması,0
Son kullanma tarihi geçen ürünler hakkında bilgilendirme,0
Son kullanma tarihi geçen ürünler hakkında bilgilendirme,0
Şirket içi toplantı hatırlatması,0
Son kullanma tarihi geçen ürünler hakkında bilgilendirme,0
Kampanya hakkında bilgilendirme,0
Şirket içi toplantı hatırlatması,0
Şirket içi toplantı hatırlatması,0
Son kullanma tarihi geçen ürünler hakkında bilgilendirme,0
Kampanya hakkında bilgilendirme,0
Şirket içi toplantı hatırlatması,0
Kampanya hakkında bilgilendirme,0
Kampanya hakkında bilgilendirme,0
Son kullanma tarihi geçen ürünler hakkında bilgilendirme,0
Şirket içi toplantı hatırlatması,0
Kampanya hakkında bilgilendirme,0
Şirket içi toplantı hatırlatması,0
Son kullanma tarihi geçen ürünler hakkında bilgilendirme,0
Şirket içi toplantı hatırlatması,0
Son kullanma tarihi geçen ürünler hakkında bilgilendirme,0
Şirket içi toplantı hatırlatması,0
Şirket içi toplantı hatırlatması,0
Son kullanma tarihi geçen ürünler hakkında bilgilendirme,0
Kampanya hakkında bilgilendirme,0
Kampanya hakkında bilgilendirme,0
Şirket içi toplantı hatırlatması,0
Şirket içi toplantı hatırlatması,0
Şirket içi toplantı hatırlatması,0
Kampanya hakkında bilgilendirme,0
Son kullanma tarihi geçen ürünler hakkında bilgilendirme,0
Son kullanma tarihi geçen ürünler hakkında bilgilendirme,0
Son kullanma tarihi geçen ürünler hakkında bilgilendirme,0
Kampanya hakkında bilgilendirme,0
Son kullanma tarihi geçen ürünler hakkında bilgilendirme,0
Kampanya hakkında bilgilendirme,0
Şirket içi toplantı hatırlatması,0
Son kullanma tarihi geçen ürünler hakkında bilgilendirme,0
Son kullanma tarihi geçen ürünler hakkında bilgilendirme,0
Kampanya hakkında bilgilendirme,0
Şirket içi toplantı hatırlatması,0
Son kullanma tarihi geçen ürünler hakkında bilgilendirme,0
Kampanya hakkında bilgilendirme,0
Kampanya hakkında bilgilendirme,0
Son kullanma tarihi geçen ürünler hakkında bilgilendirme,0
Şirket içi toplantı hatırlatması,0
Son kullanma tarihi geçen ürünler hakkında bilgilendirme,0
Kampanya hakkında bilgilendirme,0
Kampanya hakkında bilgilendirme,0
Kampanya hakkında bilgilendirme,0
Şirket içi toplantı hatırlatması,0
Kampanya hakkında bilgilendirme,0
Şirket içi toplantı hatırlatması,0
Kampanya hakkında bilgilendirme,0
Şirket içi toplantı hatırlatması,0
Son kullanma tarihi geçen ürünler hakkında bilgilendirme,0
Şirket içi toplantı hatırlatması,0
Son kullanma tarihi geçen ürünler hakkında bilgilendirme,0
Şirket içi toplantı hatırlatması,0
Son kullanma tarihi geçen ürünler hakkında bilgilendirme,0
Şirket içi toplantı hatırlatması,0
Son kullanma tarihi geçen ürünler hakkında bilgilendirme,0
Kampanya hakkında bilgilendirme,0
Son kullanma tarihi geçen ürünler hakkında bilgilendirme,0
Şirket içi toplantı hatırlatması,0
Kampanya hakkında bilgilendirme,0
Kampanya hakkında bilgilendirme,0
Son kullanma tarihi geçen ürünler hakkında bilgilendirme,0
Son kullanma tarihi geçen ürünler hakkında bilgilendirme,0
Kampanya hakkında bilgilendirme,0
Son kullanma tarihi geçen ürünler hakkında bilgilendirme,0
Kampanya hakkında bilgilendirme,0
Kampanya hakkında bilgilendirme,0
Son kullanma tarihi geçen ürünler hakkında bilgilendirme,0
Son kullanma tarihi geçen ürünler hakkında bilgilendirme,0
Şirket içi toplantı hatırlatması,0
Son kullanma tarihi geçen ürünler hakkında bilgilendirme,0
Kampanya hakkında bilgilendirme,0
Kampanya hakkında bilgilendirme,0
Şirket içi toplantı hatırlatması,0
Şirket içi toplantı hatırlatması,0
Kampanya hakkında bilgilendirme,0
Şirket içi toplantı hatırlatması,0
Kampanya hakkında bilgilendirme,0
Son kullanma tarihi geçen ürünler hakkında bilgilendirme,0
Kampanya hakkında bilgilendirme,0
Şirket içi toplantı hatırlatması,0
Son kullanma tarihi geçen ürünler hakkında bilgilendirme,0
Kampanya hakkında bilgilendirme,0
Kampanya hakkında bilgilendirme,0
Şirket içi toplantı hatırlatması,0
Şirket içi toplantı hatırlatması,0
Kampanya hakkında bilgilendirme,0
Son kullanma tarihi geçen ürünler hakkında bilgilendirme,0
Şirket içi toplantı hatırlatması,0
Son kullanma tarihi geçen ürünler hakkında bilgilendirme,0
Şirket içi toplantı hatırlatması,0
Son kullanma tarihi geçen ürünler hakkında bilgilendirme,0
Kampanya hakkında bilgilendirme,0
Son kullanma tarihi geçen ürünler hakkında bilgilendirme,0
Kampanya hakkında bilgilendirme,0
Son kullanma tarihi geçen ürünler hakkında bilgilendirme,0
Kampanya hakkında bilgilendirme,0
Kampanya hakkında bilgilendirme,0
Son kullanma tarihi geçen ürünler hakkında bilgilendirme,0
Şirket içi toplantı hatırlatması,0
Kampanya hakkında bilgilendirme,0
Son kullanma tarihi geçen ürünler hakkında bilgilendirme,0
Kampanya hakkında bilgilendirme,0
Kampanya hakkında bilgilendirme,0
Son kullanma tarihi geçen ürünler hakkında bilgilendirme,0
Kampanya hakkında bilgilendirme,0
Şirket içi toplantı hatırlatması,0
Son kullanma tarihi geçen ürünler hakkında bilgilendirme,0
Kampanya hakkında bilgilendirme,0
Son kullanma tarihi geçen ürünler hakkında bilgilendirme,0
Son kullanma tarihi geçen ürünler hakkında bilgilendirme,0
Şirket içi toplantı hatırlatması,0
Son kullanma tarihi geçen ürünler hakkında bilgilendirme,0
Son kullanma tarihi geçen ürünler hakkında bilgilendirme,0
Son kullanma tarihi geçen ürünler hakkında bilgilendirme,0
Son kullanma tarihi geçen ürünler hakkında bilgilendirme,0
Son kullanma tarihi geçen ürünler hakkında bilgilendirme,0
Kampanya hakkında bilgilendirme,0
Son kullanma tarihi geçen ürünler hakkında bilgilendirme,0
Kampanya hakkında bilgilendirme,0
Kampanya hakkında bilgilendirme,0
Şirket içi toplantı hatırlatması,0
Şirket içi toplantı hatırlatması,0
Son kullanma tarihi geçen ürünler hakkında bilgilendirme,0
Şirket içi toplantı hatırlatması,0
Kampanya hakkında bilgilendirme,0
Son kullanma tarihi geçen ürünler hakkında bilgilendirme,0
Şirket içi toplantı hatırlatması,0
Kampanya hakkında bilgilendirme,0
Şirket içi toplantı hatırlatması,0
Son kullanma tarihi geçen ürünler hakkında bilgilendirme,0
Şirket içi toplantı hatırlatması,0
Son kullanma tarihi geçen ürünler hakkında bilgilendirme,0
Son kullanma tarihi geçen ürünler hakkında bilgilendirme,0
Şirket içi toplantı hatırlatması,0
Son kullanma tarihi geçen ürünler hakkında bilgilendirme,0
Son kullanma tarihi geçen ürünler hakkında bilgilendirme,0
Son kullanma tarihi geçen ürünler hakkında bilgilendirme,0
Son kullanma tarihi geçen ürünler hakkında bilgilendirme,0
Şirket içi toplantı hatırlatması,0
Son kullanma tarihi geçen ürünler hakkında bilgilendirme,0
Son kullanma tarihi geçen ürünler hakkında bilgilendirme,0
Son kullanma tarihi geçen ürünler hakkında bilgilendirme,0
Son kullanma tarihi geçen ürünler hakkında bilgilendirme,0
Kampanya hakkında bilgilendirme,0
Şirket içi toplantı hatırlatması,0
Şirket içi toplantı hatırlatması,0
Kampanya hakkında bilgilendirme,0
Şirket içi toplantı hatırlatması,0
Kampanya hakkında bilgilendirme,0
Şirket içi toplantı hatırlatması,0
Şirket içi toplantı hatırlatması,0
Son kullanma tarihi geçen ürünler hakkında bilgilendirme,0
Kampanya hakkında bilgilendirme,0
Kampanya hakkında bilgilendirme,0
Şirket içi toplantı hatırlatması,0
Kampanya hakkında bilgilendirme,0
Son kullanma tarihi geçen ürünler hakkında bilgilendirme,0
Şirket içi toplantı hatırlatması,0
Şirket içi toplantı hatırlatması,0
Son kullanma tarihi geçen ürünler hakkında bilgilendirme,0
Kampanya hakkında bilgilendirme,0
Kampanya hakkında bilgilendirme,0
Şirket içi toplantı hatırlatması,0
Şirket içi toplantı hatırlatması,0
Son kullanma tarihi geçen ürünler hakkında bilgilendirme,0
Kampanya hakkında bilgilendirme,0
Kampanya hakkında bilgilendirme,0
Kampanya hakkında bilgilendirme,0
Son kullanma tarihi geçen ürünler hakkında bilgilendirme,0
Son kullanma tarihi geçen ürünler hakkında bilgilendirme,0
Şirket içi toplantı hatırlatması,0
Şirket içi toplantı hatırlatması,0
Şirket içi toplantı hatırlatması,0
Şirket içi toplantı hatırlatması,0
Kampanya hakkında bilgilendirme,0
Kampanya hakkında bilgilendirme,0
Kampanya hakkında bilgilendirme,0
Kampanya hakkında bilgilendirme,0
Son kullanma tarihi geçen ürünler hakkında bilgilendirme,0
Son kullanma tarihi geçen ürünler hakkında bilgilendirme,0
Kampanya hakkında bilgilendirme,0
Şirket içi toplantı hatırlatması,0
Kampanya hakkında bilgilendirme,0
Şirket içi toplantı hatırlatması,0
Son kullanma tarihi geçen ürünler hakkında bilgilendirme,0
Son kullanma tarihi geçen ürünler hakkında bilgilendirme,0
Şirket içi toplantı hatırlatması,0
Kampanya hakkında bilgilendirme,0
Kampanya hakkında bilgilendirme,0
Şirket içi toplantı hatırlatması,0
Kampanya hakkında bilgilendirme,0
Kampanya hakkında bilgilendirme,0
Son kullanma tarihi geçen ürünler hakkında bilgilendirme,0
Şirket içi toplantı hatırlatması,0
Kampanya hakkında bilgilendirme,0
Son kullanma tarihi geçen ürünler hakkında bilgilendirme,0
Kampanya hakkında bilgilendirme,0
Kampanya hakkında bilgilendirme,0
Şirket içi toplantı hatırlatması,0
Kampanya hakkında bilgilendirme,0
Son kullanma tarihi geçen ürünler hakkında bilgilendirme,0
Kampanya hakkında bilgilendirme,0
Şirket içi toplantı hatırlatması,0
Kampanya hakkında bilgilendirme,0
Kampanya hakkında bilgilendirme,0
Şirket içi toplantı hatırlatması,0
Kampanya hakkında bilgilendirme,0
Kampanya hakkında bilgilendirme,0
Şirket içi toplantı hatırlatması,0
Kampanya hakkında bilgilendirme,0
Son kullanma tarihi geçen ürünler hakkında bilgilendirme,0
Kampanya hakkında bilgilendirme,0
Kampanya hakkında bilgilendirme,0
Şirket içi toplantı hatırlatması,0
Şirket içi toplantı hatırlatması,0
Şirket içi toplantı hatırlatması,0
Şirket içi toplantı hatırlatması,0
Kampanya hakkında bilgilendirme,0
Son kullanma tarihi geçen ürünler hakkında bilgilendirme,0
Son kullanma tarihi geçen ürünler hakkında bilgilendirme,0
Son kullanma tarihi geçen ürünler hakkında bilgilendirme,0
Şirket içi toplantı hatırlatması,0
Kampanya hakkında bilgilendirme,0
Kampanya hakkında bilgilendirme,0
Kampanya hakkında bilgilendirme,0
Son kullanma tarihi geçen ürünler hakkında bilgilendirme,0
Son kullanma tarihi geçen ürünler hakkında bilgilendirme,0
Şirket içi toplantı hatırlatması,0
Son kullanma tarihi geçen ürünler hakkında bilgilendirme,0
Son kullanma tarihi geçen ürünler hakkında bilgilendirme,0
Son kullanma tarihi geçen ürünler hakkında bilgilendirme,0
Son kullanma tarihi geçen ürünler hakkında bilgilendirme,0
Kampanya hakkında bilgilendirme,0
Son kullanma tarihi geçen ürünler hakkında bilgilendirme,0
Son kullanma tarihi geçen ürünler hakkında bilgilendirme,0
Son kullanma tarihi geçen ürünler hakkında bilgilendirme,0
Son kullanma tarihi geçen ürünler hakkında bilgilendirme,0
Son kullanma tarihi geçen ürünler hakkında bilgilendirme,0
Son kullanma tarihi geçen ürünler hakkında bilgilendirme,0
Şirket içi toplantı hatırlatması,0
Şirket içi toplantı hatırlatması,0
Kampanya hakkında bilgilendirme,0
Şirket içi toplantı hatırlatması,0
Kampanya hakkında bilgilendirme,0
Şirket içi toplantı hatırlatması,0
Şirket içi toplantı hatırlatması,0
Şirket içi toplantı hatırlatması,0
Kampanya hakkında bilgilendirme,0
Kampanya hakkında bilgilendirme,0
Şirket içi toplantı hatırlatması,0
Şirket içi toplantı hatırlatması,0
Kampanya hakkında bilgilendirme,0
Kampanya hakkında bilgilendirme,0
Şirket içi toplantı hatırlatması,0
Şirket içi toplantı hatırlatması,0
Şirket içi toplantı hatırlatması,0
Şirket içi toplantı hatırlatması,0
Kampanya hakkında bilgilendirme,0
Son kullanma tarihi geçen ürünler hakkında bilgilendirme,0
Kampanya hakkında bilgilendirme,0
Kampanya hakkında bilgilendirme,0
Son kullanma tarihi geçen ürünler hakkında bilgilendirme,0
Son kullanma tarihi geçen ürünler hakkında bilgilendirme,0
Kampanya hakkında bilgilendirme,0
Kampanya hakkında bilgilendirme,0
Son kullanma tarihi geçen ürünler hakkında bilgilendirme,0
Son kullanma tarihi geçen ürünler hakkında bilgilendirme,0
Son kullanma tarihi geçen ürünler hakkında bilgilendirme,0
Kampanya hakkında bilgilendirme,0
Şirket içi toplantı hatırlatması,0
Son kullanma tarihi geçen ürünler hakkında bilgilendirme,0
Şirket içi toplantı hatırlatması,0
Şirket içi toplantı hatırlatması,0
Kampanya hakkında bilgilendirme,0
Kampanya hakkında bilgilendirme,0
Şirket içi toplantı hatırlatması,0
Kampanya hakkında bilgilendirme,0
Son kullanma tarihi geçen ürünler hakkında bilgilendirme,0
Son kullanma tarihi geçen ürünler hakkında bilgilendirme,0
Şirket içi toplantı hatırlatması,0
Şirket içi toplantı hatırlatması,0
Son kullanma tarihi geçen ürünler hakkında bilgilendirme,0
Son kullanma tarihi geçen ürünler hakkında bilgilendirme,0
Şirket içi toplantı hatırlatması,0
Son kullanma tarihi geçen ürünler hakkında bilgilendirme,0
Kampanya hakkında bilgilendirme,0
Kampanya hakkında bilgilendirme,0
Şirket içi toplantı hatırlatması,0
Kampanya hakkında bilgilendirme,0
Şirket içi toplantı hatırlatması,0
Kampanya hakkında bilgilendirme,0
Kampanya hakkında bilgilendirme,0
Şirket içi toplantı hatırlatması,0
Son kullanma tarihi geçen ürünler hakkında bilgilendirme,0
Şirket içi toplantı hatırlatması,0
Şirket içi toplantı hatırlatması,0
Son kullanma tarihi geçen ürünler hakkında bilgilendirme,0
Kampanya hakkında bilgilendirme,0
Şirket içi toplantı hatırlatması,0
Şirket içi toplantı hatırlatması,0
Şirket içi toplantı hatırlatması,0
Kampanya hakkında bilgilendirme,0
Kampanya hakkında bilgilendirme,0
Son kullanma tarihi geçen ürünler hakkında bilgilendirme,0
Şirket içi toplantı hatırlatması,0
Son kullanma tarihi geçen ürünler hakkında bilgilendirme,0
Son kullanma tarihi geçen ürünler hakkında bilgilendirme,0
Şirket içi toplantı hatırlatması,0
Şirket içi toplantı hatırlatması,0
Son kullanma tarihi geçen ürünler hakkında bilgilendirme,0
Kampanya hakkında bilgilendirme,0
Son kullanma tarihi geçen ürünler hakkında bilgilendirme,0
Kampanya hakkında bilgilendirme,0
Kampanya hakkında bilgilendirme,0
Son kullanma tarihi geçen ürünler hakkında bilgilendirme,0
Şirket içi toplantı hatırlatması,0
Son kullanma tarihi geçen ürünler hakkında bilgilendirme,0
Son kullanma tarihi geçen ürünler hakkında bilgilendirme,0
Kampanya hakkında bilgilendirme,0
Son kullanma tarihi geçen ürünler hakkında bilgilendirme,0
Şirket içi toplantı hatırlatması,0
Son kullanma tarihi geçen ürünler hakkında bilgilendirme,0
Son kullanma tarihi geçen ürünler hakkında bilgilendirme,0
Kampanya hakkında bilgilendirme,0
Şirket içi toplantı hatırlatması,0
Şirket içi toplantı hatırlatması,0
Kampanya hakkında bilgilendirme,0
Şirket içi toplantı hatırlatması,0
Şirket içi toplantı hatırlatması,0
Son kullanma tarihi geçen ürünler hakkında bilgilendirme,0
Kampanya hakkında bilgilendirme,0
Şirket içi toplantı hatırlatması,0
Kampanya hakkında bilgilendirme,0
Son kullanma tarihi geçen ürünler hakkında bilgilendirme,0
Şirket içi toplantı hatırlatması,0
Kampanya hakkında bilgilendirme,0
Şirket içi toplantı hatırlatması,0
Kampanya hakkında bilgilendirme,0
Son kullanma tarihi geçen ürünler hakkında bilgilendirme,0
Son kullanma tarihi geçen ürünler hakkında bilgilendirme,0
Şirket içi toplantı hatırlatması,0
Şirket içi toplantı hatırlatması,0
Kampanya hakkında bilgilendirme,0
Şirket içi toplantı hatırlatması,0
Son kullanma tarihi geçen ürünler hakkında bilgilendirme,0
Son kullanma tarihi geçen ürünler hakkında bilgilendirme,0
Son kullanma tarihi geçen ürünler hakkında bilgilendirme,0
Şirket içi toplantı hatırlatması,0
Kampanya hakkında bilgilendirme,0
Son kullanma tarihi geçen ürünler hakkında bilgilendirme,0
Son kullanma tarihi geçen ürünler hakkında bilgilendirme,0
